{
  "total_analyzed": 6670,
  "n_multiring": 5553,
  "n_with_any_stack": 1916,
  "frac_any_stack": 0.28725637181409297,
  "frac_multiring_with_stack": 0.3450387178101927,
  "type_counts": {
    "t_shaped": 2151,
    "displaced_parallel": 245,
    "face_to_face": 182
  },
  "ring_count_distribution": {
    "2": 2574,
    "0": 1117,
    "4": 705,
    "3": 2114,
    "5": 147,
    "7": 13
  }
}