{
  "total_analyzed": 50000,
  "n_multiring": 40088,
  "n_with_any_stack": 13078,
  "frac_any_stack": 0.26156,
  "frac_multiring_with_stack": 0.3262322889642786,
  "type_counts": {
    "face_to_face": 2193,
    "t_shaped": 12198,
    "displaced_parallel": 2696
  },
  "ring_count_distribution": {
    "2": 21192,
    "0": 9876,
    "4": 3848,
    "3": 14629,
    "5": 395,
    "1": 36,
    "6": 22,
    "7": 2
  }
}